<?xml version="1.0" encoding="UTF-8"?>
<project-private xmlns="http://www.netbeans.org/ns/project-private/1">
    <editor-bookmarks xmlns="http://www.netbeans.org/ns/editor-bookmarks/2" lastBookmarkId="0"/>
    <open-files xmlns="http://www.netbeans.org/ns/projectui-open-files/2">
        <group>
            <file>file:/D:/Full%20Stack/10-Design%20Pattern/Lab%20Activity/Practice%20Done/Lesson04-Behavioral-DesignPattern-Part-1/src/training/iqgateway/mediator/ChatClient.java</file>
            <file>file:/D:/Full%20Stack/10-Design%20Pattern/Lab%20Activity/Practice%20Done/Lesson04-Behavioral-DesignPattern-Part-1/src/training/iqgateway/mediator/ChatMediator.java</file>
            <file>file:/D:/Full%20Stack/10-Design%20Pattern/Lab%20Activity/Practice%20Done/Lesson04-Behavioral-DesignPattern-Part-1/src/training/iqgateway/mediator/User.java</file>
            <file>file:/D:/Full%20Stack/10-Design%20Pattern/Lab%20Activity/Practice%20Done/Lesson04-Behavioral-DesignPattern-Part-1/src/training/iqgateway/mediator/UserImpl.java</file>
            <file>file:/D:/Full%20Stack/10-Design%20Pattern/Lab%20Activity/Practice%20Done/Lesson04-Behavioral-DesignPattern-Part-1/src/training/iqgateway/mediator/ChatMediatorImpl.java</file>
        </group>
    </open-files>
</project-private>
