<?xml version = '1.0' encoding = 'windows-1252'?>
<weblogic-web-app xmlns:xsi="http://www.w3.org/2001/XMLSchema-instance" xsi:schemaLocation="http://www.bea.com/ns/weblogic/weblogic-web-app.xsd" xmlns="http://www.bea.com/ns/weblogic/weblogic-web-app">     
    <security-role-assignment>        
        <role-name>myadmin</role-name>
        <principal-name>chen</principal-name>
        <principal-name>mike</principal-name>
    </security-role-assignment>
    <security-role-assignment>        
        <role-name>myuser</role-name>
        <principal-name>joe</principal-name>
    </security-role-assignment>
</weblogic-web-app>