<?xml version="1.0" encoding="windows-1252"?>
<faces-config version="1.2" xmlns="http://java.sun.com/xml/ns/javaee">

    
    <managed-bean>
        <managed-bean-name>backing_Test</managed-bean-name>
        <managed-bean-class>training.iqgateway.view.backing.Test</managed-bean-class>
        <managed-bean-scope>request</managed-bean-scope>
        <!--oracle-jdev-comment:managed-bean-jsp-link:1Test.jsp-->
    </managed-bean>
    <managed-bean>
        <managed-bean-name>lbRef</managed-bean-name>
        <managed-bean-class>training.iqgateway.view.LoginBean</managed-bean-class>
        <managed-bean-scope>session</managed-bean-scope>
    </managed-bean>
    <navigation-rule>
        <from-view-id>/index.jsp</from-view-id>
        <navigation-case>
            <from-outcome>success</from-outcome>
            <to-view-id>/welcome.jsp</to-view-id>
        </navigation-case>
        <navigation-case>
            <from-outcome>failure</from-outcome>
            <to-view-id>/error.jsp</to-view-id>
        </navigation-case>
    </navigation-rule>
</faces-config>