<?xml version="1.0" encoding="windows-1252"?>
<faces-config version="1.2" xmlns="http://java.sun.com/xml/ns/javaee">
  <managed-bean>
    <managed-bean-name>productBrowsingBean</managed-bean-name>
    <managed-bean-class>oracle.ui.backing.ProductBrowsingBean</managed-bean-class>
    <managed-bean-scope>session</managed-bean-scope>
    <!--oracle-jdev-comment:managed-bean-jsp-link:1Main.jspx-->
  </managed-bean>
  <application>
    <default-render-kit-id>oracle.adf.rich</default-render-kit-id>
  </application>
  <navigation-rule>
    <from-view-id>/Main.jspx</from-view-id>
    <navigation-case>
      <from-outcome>editProduct</from-outcome>
      <to-view-id>/EditProduct.jspx</to-view-id>
    </navigation-case>
    <navigation-case>
      <from-outcome>addProduct</from-outcome>
      <to-view-id>/AddProduct.jspx</to-view-id>
    </navigation-case>
  </navigation-rule>
  <navigation-rule>
    <from-view-id>/EditProduct.jspx</from-view-id>
    <navigation-case>
      <from-outcome>success</from-outcome>
      <to-view-id>/Main.jspx</to-view-id>
    </navigation-case>
  </navigation-rule>
  <navigation-rule>
    <from-view-id>/AddProduct.jspx</from-view-id>
    <navigation-case>
      <from-outcome>success</from-outcome>
      <to-view-id>/Main.jspx</to-view-id>
    </navigation-case>
  </navigation-rule>
</faces-config>