<?xml version="1.0" encoding="windows-1252"?>
<faces-config version="1.2" xmlns="http://java.sun.com/xml/ns/javaee">
  <managed-bean>
    <managed-bean-name>productBrowsingBean</managed-bean-name>
    <managed-bean-class>oracle.ui.backing.ProductBrowsingBean</managed-bean-class>
    <managed-bean-scope>session</managed-bean-scope>
    <!--oracle-jdev-comment:managed-bean-jsp-link:1Main.jspx-->
  </managed-bean>
  <application>
    <default-render-kit-id>oracle.adf.rich</default-render-kit-id>
  </application>
</faces-config>